{
  "tools": [
    {
      "id": 1,
      "name": "ChatGPT",
      "company": "OpenAI",
      "description": "强大的AI对话模型，可用于写作、编程、回答问题等多种场景。支持上下文理解，可以进行连续对话。",
      "category": "AI助手",
      "tags": ["对话", "写作", "编程", "AI助手"],
      "price": "免费版本/Plus版本$20每月",
      "priceType": "freemium",
      "url": "https://chat.openai.com",
      "image": "https://static.vecteezy.com/system/resources/previews/021/608/790/original/chatgpt-logo-chat-gpt-icon-on-black-background-free-vector.jpg",
      "isNew": false,
      "rating": 4.8,
      "reviewCount": 2150,
      "updateDate": "2025-01-28",
      "features": [
        "自然语言处理",
        "多语言支持",
        "代码生成",
        "文本润色"
      ],
      "comments": [
        {
          "user": "John Doe",
          "rating": 5,
          "date": "2025-01-28",
          "content": "最好用的AI助手，响应速度快，理解能力强。"
        }
      ]
    },
    {
      "id": 2,
      "name": "Midjourney",
      "company": "Midjourney",
      "description": "领先的AI图像生成工具，可以通过文本描述生成高质量的艺术作品。特别擅长创意和艺术风格的图像生成。",
      "category": "图像生成",
      "tags": ["AI艺术", "图像生成", "创意设计"],
      "price": "基础版$10每月",
      "priceType": "paid",
      "url": "https://www.midjourney.com",
      "image": "https://cdn.mos.cms.futurecdn.net/yQvzGXrXwFxhC5vKvVH9vn.jpg",
      "isNew": false,
      "rating": 4.7,
      "reviewCount": 1850,
      "updateDate": "2025-01-27",
      "features": [
        "高质量图像生成",
        "多样化艺术风格",
        "批量生成",
        "自定义参数"
      ],
      "comments": []
    },
    {
      "id": 3,
      "name": "Claude",
      "company": "Anthropic",
      "description": "先进的AI助手，擅长学术写作、分析和研究。具有强大的理解能力和专业知识输出能力。",
      "category": "AI助手",
      "tags": ["写作", "研究", "分析"],
      "price": "部分功能免费",
      "priceType": "freemium",
      "url": "https://claude.ai",
      "image": "https://upload.wikimedia.org/wikipedia/commons/thumb/4/4c/Claude_AI_Logo.png/640px-Claude_AI_Logo.png",
      "isNew": false,
      "rating": 4.6,
      "reviewCount": 980,
      "updateDate": "2025-01-26",
      "features": [
        "学术写作",
        "深度分析",
        "研究辅助",
        "多语言支持"
      ],
      "comments": []
    },
    {
      "id": 4,
      "name": "Stable Diffusion",
      "company": "Stability AI",
      "description": "开源的AI图像生成模型，支持本地部署，可以生成各种风格的图像。适合个人和企业使用。",
      "category": "图像生成",
      "tags": ["AI艺术", "开源", "图像生成"],
      "price": "免费/商业版本收费",
      "priceType": "freemium",
      "url": "https://stability.ai",
      "image": "https://cdn.analyticsvidhya.com/wp-content/uploads/2023/03/sd2.png",
      "isNew": false,
      "rating": 4.5,
      "reviewCount": 1200,
      "updateDate": "2025-01-25",
      "features": [
        "本地部署",
        "自定义模型",
        "批量生成",
        "多种风格"
      ],
      "comments": []
    },
    {
      "id": 5,
      "name": "GitHub Copilot",
      "company": "GitHub",
      "description": "AI驱动的代码助手，可以实时提供代码建议和自动完成。支持多种编程语言和开发环境。",
      "category": "编程开发",
      "tags": ["编程", "代码生成", "开发工具"],
      "price": "$10每月",
      "priceType": "paid",
      "url": "https://github.com/features/copilot",
      "image": "https://github.blog/wp-content/uploads/2022/06/GitHub-Copilot_Social-Card.png",
      "isNew": false,
      "rating": 4.7,
      "reviewCount": 1580,
      "updateDate": "2025-01-24",
      "features": [
        "代码自动完成",
        "多语言支持",
        "IDE集成",
        "实时建议"
      ],
      "comments": []
    },
    {
      "id": 6,
      "name": "Jasper",
      "company": "Jasper.ai",
      "description": "专业的AI写作助手，适合营销内容创作和商业写作。支持多种内容类型和写作风格。",
      "category": "内容创作",
      "tags": ["写作", "营销", "内容生成"],
      "price": "$39每月起",
      "priceType": "paid",
      "url": "https://www.jasper.ai",
      "image": "https://assets-global.website-files.com/60e5f2de011b86acebc30db7/6489e47392e6471916622a30_Jasper_Logos_Primary_Full_Color.png",
      "isNew": false,
      "rating": 4.6,
      "reviewCount": 890,
      "updateDate": "2025-01-23",
      "features": [
        "营销文案",
        "博客写作",
        "社交媒体内容",
        "SEO优化"
      ],
      "comments": []
    },
    {
      "id": 7,
      "name": "Runway",
      "company": "Runway",
      "description": "专业的AI视频编辑工具，支持视频生成、编辑和特效制作。适合创意视频制作。",
      "category": "视频制作",
      "tags": ["视频编辑", "特效", "创意工具"],
      "price": "$15每月起",
      "priceType": "paid",
      "url": "https://runway.ml",
      "image": "https://assets-global.website-files.com/6257adef93867e50d84d30e2/636e0a6ca814282eca7172c0_icon_clyde_blurple_RGB.svg",
      "isNew": true,
      "rating": 4.5,
      "reviewCount": 650,
      "updateDate": "2025-01-22",
      "features": [
        "视频生成",
        "特效制作",
        "背景移除",
        "风格转换"
      ],
      "comments": []
    },
    {
      "id": 8,
      "name": "Notion AI",
      "company": "Notion",
      "description": "集成在Notion中的AI助手，可以帮助写作、总结和组织内容。完美结合笔记和AI功能。",
      "category": "生产力工具",
      "tags": ["笔记", "写作", "组织工具"],
      "price": "$10每月",
      "priceType": "paid",
      "url": "https://www.notion.so",
      "image": "https://upload.wikimedia.org/wikipedia/commons/4/45/Notion_app_logo.png",
      "isNew": false,
      "rating": 4.6,
      "reviewCount": 780,
      "updateDate": "2025-01-21",
      "features": [
        "智能写作",
        "内容总结",
        "翻译",
        "内容组织"
      ],
      "comments": []
    },
    {
      "id": 9,
      "name": "Synthesia",
      "company": "Synthesia",
      "description": "AI视频生成平台，可以创建真人视频，支持多种语言和场景。适合教育和营销视频制作。",
      "category": "视频制作",
      "tags": ["视频生成", "营销", "教育"],
      "price": "$30每月起",
      "priceType": "paid",
      "url": "https://www.synthesia.io",
      "image": "https://assets-global.website-files.com/61dc0796f359b6145bc06ea6/61dc0796f359b66902c06f11_Synthesia%20Logo.png",
      "isNew": false,
      "rating": 4.4,
      "reviewCount": 520,
      "updateDate": "2025-01-20",
      "features": [
        "AI演讲者",
        "多语言支持",
        "自定义场景",
        "字幕生成"
      ],
      "comments": []
    },
    {
      "id": 10,
      "name": "Grammarly",
      "company": "Grammarly",
      "description": "AI写作助手，提供实时语法检查和写作建议。支持多种写作场景和风格。",
      "category": "写作辅助",
      "tags": ["写作", "语法检查", "编辑"],
      "price": "基础版免费/高级版$12每月",
      "priceType": "freemium",
      "url": "https://www.grammarly.com",
      "image": "https://static.grammarly.com/assets/files/cb6ce17d281d15f2c819035bcd430b0e/grammarly_logo.png",
      "isNew": false,
      "rating": 4.7,
      "reviewCount": 2100,
      "updateDate": "2025-01-19",
      "features": [
        "语法检查",
        "写作建议",
        "风格调整",
        "词汇增强"
      ],
      "comments": []
    }
  ]
}
