{
    "categories": [
        {
            "name": "聊天机器人",
            "icon": "comments",
            "description": "智能对话和语言处理工具",
            "slug": "chatbot"
        },
        {
            "name": "图像生成",
            "icon": "image",
            "description": "AI绘画和图像处理工具",
            "slug": "image"
        },
        {
            "name": "音频处理",
            "icon": "music",
            "description": "语音合成和音频处理工具",
            "slug": "audio"
        },
        {
            "name": "视频制作",
            "icon": "video",
            "description": "视频生成和编辑工具",
            "slug": "video"
        },
        {
            "name": "代码开发",
            "icon": "code",
            "description": "代码生成和开发辅助工具",
            "slug": "code"
        },
        {
            "name": "办公效率",
            "icon": "briefcase",
            "description": "提升工作效率的AI工具",
            "slug": "productivity"
        },
        {
            "name": "创意写作",
            "icon": "pen-fancy",
            "description": "文案和创意写作工具",
            "slug": "writing"
        },
        {
            "name": "3D设计",
            "icon": "cube",
            "description": "3D模型生成和编辑工具",
            "slug": "3d"
        }
    ]
}
