{
    "tools": [
        {
            "name": "ChatGPT",
            "description": "OpenAI开发的大型语言模型，能够进行自然对话、回答问题、写作和编程等多种任务。",
            "company": "OpenAI",
            "price": "免费版本",
            "image": "https://static.vecteezy.com/system/resources/previews/021/608/790/original/chatgpt-logo-chat-gpt-icon-on-black-background-free-vector.jpg",
            "url": "https://chat.openai.com",
            "category": "聊天对话",
            "tags": ["AI对话", "写作", "编程"]
        },
        {
            "name": "Midjourney",
            "description": "强大的AI艺术和图像生成工具，可以创建高质量的艺术作品和照片级图像。",
            "company": "Midjourney",
            "price": "付费",
            "image": "https://upload.wikimedia.org/wikipedia/commons/e/e6/Midjourney_Emblem.png",
            "url": "https://www.midjourney.com",
            "category": "图像生成",
            "tags": ["AI艺术", "图像生成"]
        },
        {
            "name": "Claude",
            "description": "Anthropic开发的AI助手，擅长写作、分析和编程，具有强大的理解能力和安全性。",
            "company": "Anthropic",
            "price": "免费版本",
            "image": "https://upload.wikimedia.org/wikipedia/commons/thumb/4/4f/Claude_AI_Logo.png/480px-Claude_AI_Logo.png",
            "url": "https://claude.ai",
            "category": "聊天对话",
            "tags": ["AI对话", "写作", "分析"]
        },
        {
            "name": "Stable Diffusion",
            "description": "开源的AI图像生成模型，可以根据文本描述生成高质量图像。",
            "company": "Stability AI",
            "price": "免费版本",
            "image": "https://upload.wikimedia.org/wikipedia/commons/thumb/8/86/Stable_Diffusion_logo.png/480px-Stable_Diffusion_logo.png",
            "url": "https://stability.ai",
            "category": "图像生成",
            "tags": ["AI艺术", "图像生成"]
        },
        {
            "name": "GitHub Copilot",
            "description": "AI驱动的编程助手，可以提供代码建议和自动完成功能。",
            "company": "GitHub",
            "price": "付费",
            "image": "https://github.githubassets.com/images/modules/site/copilot/copilot.png",
            "url": "https://github.com/features/copilot",
            "category": "代码助手",
            "tags": ["编程", "代码生成"]
        },
        {
            "name": "Jasper",
            "description": "AI写作助手，可以帮助创建营销文案、博客文章和社交媒体内容。",
            "company": "Jasper.ai",
            "price": "付费",
            "image": "https://assets-global.website-files.com/60e5f2de011b86acebc30db7/64234377d8d1b7ca00b0b962_Jasper%20Logo.png",
            "url": "https://www.jasper.ai",
            "category": "文本创作",
            "tags": ["写作", "营销"]
        },
        {
            "name": "Notion AI",
            "description": "集成在Notion中的AI助手，可以帮助写作、总结和头脑风暴。",
            "company": "Notion",
            "price": "付费",
            "image": "https://upload.wikimedia.org/wikipedia/commons/4/45/Notion_app_logo.png",
            "url": "https://www.notion.so/product/ai",
            "category": "效率工具",
            "tags": ["写作", "效率", "笔记"]
        },
        {
            "name": "Runway",
            "description": "专业的AI视频编辑工具，支持视频生成、编辑和特效制作。",
            "company": "Runway",
            "price": "付费",
            "image": "https://assets-global.website-files.com/6257adef93867e50d84d30e2/636e0a6ca814282eca7172c0_icon_clyde_black_RGB.svg",
            "url": "https://runwayml.com",
            "category": "视频制作",
            "tags": ["视频编辑", "特效"]
        },
        {
            "name": "Synthesia",
            "description": "AI视频生成平台，可以创建真人视频和数字人物演讲。",
            "company": "Synthesia",
            "price": "付费",
            "image": "https://assets-global.website-files.com/61dc0796f359b6145bc06ea6/61dc0796f359b66902c06f11_Synthesia%20Logo.png",
            "url": "https://www.synthesia.io",
            "category": "视频制作",
            "tags": ["视频生成", "数字人"]
        },
        {
            "name": "Murf",
            "description": "AI语音生成工具，可以创建自然的配音和语音内容。",
            "company": "Murf AI",
            "price": "付费",
            "image": "https://www.murf.ai/static/murf-logo-with-text.svg",
            "url": "https://murf.ai",
            "category": "音频处理",
            "tags": ["语音合成", "配音"]
        }
    ]
}
