{
    "tools": [
        {
            "name": "ChatGPT",
            "company": "OpenAI",
            "description": "强大的AI语言模型，可以进行自然对话、回答问题、写作和编程等多种任务。",
            "category": "chatbot",
            "price": "免费版本",
            "url": "https://chat.openai.com",
            "image": "https://static.vecteezy.com/system/resources/previews/021/608/790/original/chatgpt-logo-chat-gpt-icon-on-black-background-free-vector.jpg",
            "tags": ["对话", "写作", "编程"],
            "rating": 4.9
        },
        {
            "name": "Midjourney",
            "company": "Midjourney",
            "description": "AI艺术和图像生成工具，可以创建高质量的艺术作品和照片级图像。",
            "category": "image",
            "price": "付费",
            "url": "https://www.midjourney.com",
            "image": "https://cdn.thenewstack.io/media/2023/05/2b3c416f-midjourney-1024x576.png",
            "tags": ["绘画", "设计", "艺术"],
            "rating": 4.8
        },
        {
            "name": "Claude",
            "company": "Anthropic",
            "description": "先进的AI助手，擅长写作、分析和复杂任务处理，具有更强的安全性和准确性。",
            "category": "chatbot",
            "price": "免费版本",
            "url": "https://claude.ai",
            "image": "https://cdn.analyticsvidhya.com/wp-content/uploads/2023/07/anthropic-claude.png",
            "tags": ["对话", "分析", "写作"],
            "rating": 4.7
        },
        {
            "name": "Stable Diffusion",
            "company": "Stability AI",
            "description": "开源的AI图像生成模型，可以创建各种风格的图像和艺术作品。",
            "category": "image",
            "price": "免费版本",
            "url": "https://stability.ai",
            "image": "https://img.tukuppt.com/png_preview/00/18/32/YkqF5ztxfE.jpg!/fw/780",
            "tags": ["绘画", "设计", "开源"],
            "rating": 4.6
        },
        {
            "name": "GitHub Copilot",
            "company": "GitHub",
            "description": "AI驱动的代码自动完成工具，可以提供智能代码建议和自动补全。",
            "category": "code",
            "price": "付费",
            "url": "https://github.com/features/copilot",
            "image": "https://github.blog/wp-content/uploads/2022/06/GitHub-Copilot_Social-Card.png",
            "tags": ["编程", "开发", "自动完成"],
            "rating": 4.8
        },
        {
            "name": "Codeium",
            "company": "Codeium",
            "description": "免费的AI代码助手，提供智能代码补全和建议，支持多种编程语言。",
            "category": "code",
            "price": "免费版本",
            "url": "https://codeium.com",
            "image": "https://assets-global.website-files.com/64505700c8411a7f4ccdb9be/64505700c8411a7f4ccdb9ee_Codeium.png",
            "tags": ["编程", "开发", "自动完成"],
            "rating": 4.7
        },
        {
            "name": "Notion AI",
            "company": "Notion",
            "description": "集成在Notion中的AI助手，可以帮助写作、总结和组织内容。",
            "category": "productivity",
            "price": "付费",
            "url": "https://notion.so",
            "image": "https://cdn.beehiiv.com/cdn-cgi/image/fit=scale-down,format=auto,onerror=redirect,quality=80/v1/articles/2023/02/1676469638405458.jpeg",
            "tags": ["写作", "效率", "组织"],
            "rating": 4.6
        },
        {
            "name": "Jasper",
            "company": "Jasper",
            "description": "专业的AI写作助手，可以生成营销文案、博客文章和社交媒体内容。",
            "category": "writing",
            "price": "付费",
            "url": "https://jasper.ai",
            "image": "https://assets-global.website-files.com/60e5f2de011b86acebc30db7/650c4a98df7c7d2d9b7f4c4b_Jasper%20Logo.png",
            "tags": ["写作", "营销", "内容"],
            "rating": 4.5
        },
        {
            "name": "Runway",
            "company": "Runway",
            "description": "创意视频编辑和生成工具，支持AI视频编辑、特效和动画。",
            "category": "video",
            "price": "付费",
            "url": "https://runway.ml",
            "image": "https://assets-global.website-files.com/6257adef93867e50d84d30e2/636d080dcf209a0837772781_logo.png",
            "tags": ["视频", "编辑", "创意"],
            "rating": 4.7
        },
        {
            "name": "ElevenLabs",
            "company": "ElevenLabs",
            "description": "高质量的AI语音合成工具，可以生成自然的人声和配音。",
            "category": "audio",
            "price": "免费版本",
            "url": "https://elevenlabs.io",
            "image": "https://assets-global.website-files.com/642d99ba0f5c785e36dd8235/64456c5c6cf4e05f2d9f7728_elevenlabs-og.jpg",
            "tags": ["语音", "配音", "合成"],
            "rating": 4.6
        }
    ]
}
