{
    "categories": [
        {
            "name": "AI应用集",
            "icon": "apps",
            "description": "精选AI应用和工具集合",
            "slug": "ai-apps"
        },
        {
            "name": "聊天机器人",
            "icon": "comments",
            "description": "智能对话和语言处理工具",
            "slug": "chatbot"
        },
        {
            "name": "图像工具",
            "icon": "image",
            "description": "AI绘画和图像处理工具",
            "slug": "image"
        },
        {
            "name": "视频工具",
            "icon": "video",
            "description": "视频生成和编辑工具",
            "slug": "video"
        },
        {
            "name": "音频工具",
            "icon": "music",
            "description": "语音合成和音频处理工具",
            "slug": "audio"
        },
        {
            "name": "办公工具",
            "icon": "briefcase",
            "description": "AI驱动的办公效率工具",
            "slug": "office"
        },
        {
            "name": "设计工具",
            "icon": "palette",
            "description": "AI辅助设计和创意工具",
            "slug": "design"
        },
        {
            "name": "编程开发",
            "icon": "code",
            "description": "代码生成和开发辅助工具",
            "slug": "code"
        },
        {
            "name": "写作助手",
            "icon": "pen-fancy",
            "description": "AI写作和内容创作工具",
            "slug": "writing"
        },
        {
            "name": "搜索引擎",
            "icon": "search",
            "description": "AI驱动的智能搜索工具",
            "slug": "search"
        },
        {
            "name": "翻译工具",
            "icon": "language",
            "description": "AI语言翻译和本地化工具",
            "slug": "translation"
        },
        {
            "name": "3D设计",
            "icon": "cube",
            "description": "3D模型生成和编辑工具",
            "slug": "3d"
        },
        {
            "name": "思维导图",
            "icon": "sitemap",
            "description": "AI辅助思维导图工具",
            "slug": "mindmap"
        },
        {
            "name": "法律助手",
            "icon": "gavel",
            "description": "AI法律咨询和文档工具",
            "slug": "legal"
        },
        {
            "name": "内容检测",
            "icon": "shield-alt",
            "description": "AI内容审核和检测工具",
            "slug": "content-detection"
        },
        {
            "name": "学习资源",
            "icon": "graduation-cap",
            "description": "AI学习和教育资源",
            "slug": "learning"
        }
    ]
}
