{
    "comparisons": [
        {
            "title": "AI聊天助手对比",
            "category": "chatbot",
            "tools": [
                {
                    "name": "ChatGPT",
                    "features": ["通用对话", "代码生成", "创意写作"],
                    "pricing": {
                        "free": "有限使用",
                        "plus": "$20/月",
                        "api": "按量计费"
                    },
                    "pros": ["功能全面", "使用简单", "集成广泛"],
                    "cons": ["高峰期不稳定", "价格较高"]
                },
                {
                    "name": "Claude",
                    "features": ["长文本处理", "代码分析", "学术写作"],
                    "pricing": {
                        "free": "有限使用",
                        "plus": "$20/月",
                        "api": "按量计费"
                    },
                    "pros": ["上下文理解强", "安全性高"],
                    "cons": ["部分地区不可用"]
                }
            ]
        },
        {
            "title": "AI绘画工具对比",
            "category": "image",
            "tools": [
                {
                    "name": "Midjourney",
                    "features": ["艺术创作", "照片生成", "概念设计"],
                    "pricing": {
                        "basic": "$10/月",
                        "standard": "$30/月",
                        "pro": "$60/月"
                    },
                    "pros": ["画质精美", "艺术性强"],
                    "cons": ["只能在Discord使用", "价格较高"]
                },
                {
                    "name": "Stable Diffusion",
                    "features": ["本地部署", "模型训练", "批量生成"],
                    "pricing": {
                        "free": "开源免费",
                        "cloud": "按量计费"
                    },
                    "pros": ["完全免费", "可本地部署"],
                    "cons": ["需要较强显卡", "使用门槛高"]
                }
            ]
        }
    ]
}
