{
    "features": [
        {
            "title": "热门推荐",
            "icon": "fire",
            "description": "精选当下最热门的AI工具",
            "type": "featured"
        },
        {
            "title": "最新上线",
            "icon": "clock",
            "description": "新上线的AI工具和更新",
            "type": "new"
        },
        {
            "title": "使用教程",
            "icon": "book",
            "description": "详细的AI工具使用指南",
            "type": "tutorial"
        },
        {
            "title": "价格对比",
            "icon": "tags",
            "description": "AI工具价格和功能对比",
            "type": "price"
        }
    ]
}
