{
    "tools": [
        {
            "name": "ChatGPT",
            "company": "OpenAI",
            "description": "强大的AI语言模型，可以进行自然对话、回答问题、写作和编程等多种任务。",
            "category": "chatbot",
            "price": "免费版本",
            "url": "https://chat.openai.com",
            "image": "https://upload.wikimedia.org/wikipedia/commons/thumb/0/04/ChatGPT_logo.svg/1200px-ChatGPT_logo.svg.png",
            "tags": ["对话", "写作", "编程"],
            "rating": 4.9
        },
        {
            "name": "Midjourney",
            "company": "Midjourney",
            "description": "AI艺术和图像生成工具，可以创建高质量的艺术作品和照片级图像。",
            "category": "image",
            "price": "付费",
            "url": "https://www.midjourney.com",
            "image": "https://upload.wikimedia.org/wikipedia/commons/thumb/e/e6/Midjourney_Emblem.png/600px-Midjourney_Emblem.png",
            "tags": ["绘画", "设计", "艺术"],
            "rating": 4.8
        },
        {
            "name": "Claude",
            "company": "Anthropic",
            "description": "先进的AI助手，擅长写作、分析和复杂任务处理，具有更强的安全性和准确性。",
            "category": "chatbot",
            "price": "免费版本",
            "url": "https://claude.ai",
            "image": "https://upload.wikimedia.org/wikipedia/commons/thumb/4/4c/Claude_Anthropic_Logo.png/480px-Claude_Anthropic_Logo.png",
            "tags": ["对话", "分析", "写作"],
            "rating": 4.7
        },
        {
            "name": "Stable Diffusion",
            "company": "Stability AI",
            "description": "开源的AI图像生成模型，可以创建各种风格的图像和艺术作品。",
            "category": "image",
            "price": "免费版本",
            "url": "https://stability.ai",
            "image": "https://upload.wikimedia.org/wikipedia/commons/thumb/5/56/Stable_Diffusion_logo.png/480px-Stable_Diffusion_logo.png",
            "tags": ["绘画", "设计", "开源"],
            "rating": 4.6
        },
        {
            "name": "GitHub Copilot",
            "company": "GitHub",
            "description": "AI驱动的代码自动完成工具，可以提供智能代码建议和自动补全。",
            "category": "code",
            "price": "付费",
            "url": "https://github.com/features/copilot",
            "image": "https://upload.wikimedia.org/wikipedia/commons/thumb/6/69/GitHub_Copilot_logo.svg/768px-GitHub_Copilot_logo.svg.png",
            "tags": ["编程", "开发", "自动完成"],
            "rating": 4.8
        },
        {
            "name": "Codeium",
            "company": "Codeium",
            "description": "免费的AI代码助手，提供智能代码补全和建议，支持多种编程语言。",
            "category": "code",
            "price": "免费版本",
            "url": "https://codeium.com",
            "image": "https://avatars.githubusercontent.com/u/71959116",
            "tags": ["编程", "开发", "自动完成"],
            "rating": 4.7
        },
        {
            "name": "Notion AI",
            "company": "Notion",
            "description": "集成在Notion中的AI助手，可以帮助写作、总结和组织内容。",
            "category": "office",
            "price": "付费",
            "url": "https://notion.so",
            "image": "https://upload.wikimedia.org/wikipedia/commons/thumb/e/e9/Notion-logo.svg/1024px-Notion-logo.svg.png",
            "tags": ["写作", "效率", "组织"],
            "rating": 4.6
        },
        {
            "name": "Jasper",
            "company": "Jasper",
            "description": "专业的AI写作助手，可以生成营销文案、博客文章和社交媒体内容。",
            "category": "writing",
            "price": "付费",
            "url": "https://jasper.ai",
            "image": "https://upload.wikimedia.org/wikipedia/commons/thumb/0/0f/Jasper_AI_Logo.png/480px-Jasper_AI_Logo.png",
            "tags": ["写作", "营销", "内容"],
            "rating": 4.5
        },
        {
            "name": "Runway",
            "company": "Runway",
            "description": "创意视频编辑和生成工具，支持AI视频编辑、特效和动画。",
            "category": "video",
            "price": "付费",
            "url": "https://runway.ml",
            "image": "https://framerusercontent.com/images/nXLdc1LsYxrZJAVZ9UKaB9EPFQ.png",
            "tags": ["视频", "编辑", "创意"],
            "rating": 4.7
        },
        {
            "name": "Canva",
            "company": "Canva",
            "description": "集成AI功能的设计平台，支持智能设计生成和编辑。",
            "category": "design",
            "price": "免费增值",
            "url": "https://www.canva.com",
            "image": "https://upload.wikimedia.org/wikipedia/commons/thumb/0/08/Canva_icon_2021.svg/600px-Canva_icon_2021.svg.png",
            "tags": ["设计", "图片", "模板"],
            "rating": 4.8
        },
        {
            "name": "Perplexity AI",
            "company": "Perplexity",
            "description": "AI驱动的智能搜索引擎，提供准确和实时的信息检索。",
            "category": "search",
            "price": "免费版本",
            "url": "https://www.perplexity.ai",
            "image": "https://www.perplexity.ai/favicon.ico",
            "tags": ["搜索", "研究", "信息"],
            "rating": 4.6
        },
        {
            "name": "DeepL",
            "company": "DeepL",
            "description": "基于深度学习的翻译工具，提供高质量的多语言翻译服务。",
            "category": "translation",
            "price": "免费增值",
            "url": "https://www.deepl.com",
            "image": "https://static.deepl.com/img/logo/deepl-logo-blue.svg",
            "tags": ["翻译", "语言", "本地化"],
            "rating": 4.8
        },
        {
            "name": "Xmind AI",
            "company": "Xmind",
            "description": "AI辅助思维导图工具，帮助快速组织和展开思路。",
            "category": "mindmap",
            "price": "付费",
            "url": "https://xmind.ai",
            "image": "https://xmind.ai/favicon.ico",
            "tags": ["思维导图", "规划", "创意"],
            "rating": 4.5
        },
        {
            "name": "DoNotPay",
            "company": "DoNotPay",
            "description": "AI法律助手，帮助处理法律文件和提供法律建议。",
            "category": "legal",
            "price": "付费",
            "url": "https://donotpay.com",
            "image": "https://donotpay.com/favicon.ico",
            "tags": ["法律", "文档", "建议"],
            "rating": 4.4
        },
        {
            "name": "Content at Scale",
            "company": "Content at Scale",
            "description": "AI内容检测工具，识别AI生成的内容和查重。",
            "category": "content-detection",
            "price": "付费",
            "url": "https://contentatscale.ai",
            "image": "https://contentatscale.ai/favicon.ico",
            "tags": ["内容检测", "查重", "分析"],
            "rating": 4.5
        },
        {
            "name": "Fast.ai",
            "company": "Fast.ai",
            "description": "免费的AI学习平台，提供实用的深度学习课程。",
            "category": "learning",
            "price": "免费",
            "url": "https://www.fast.ai",
            "image": "https://www.fast.ai/favicon.ico",
            "tags": ["教育", "学习", "深度学习"],
            "rating": 4.9
        },
        {
            "name": "ElevenLabs",
            "company": "ElevenLabs",
            "description": "高质量的AI语音合成工具，可以生成自然的人声和配音。",
            "category": "audio",
            "price": "免费版本",
            "url": "https://elevenlabs.io",
            "image": "https://upload.wikimedia.org/wikipedia/commons/thumb/7/72/ElevenLabs_Logo.png/480px-ElevenLabs_Logo.png",
            "tags": ["语音", "配音", "合成"],
            "rating": 4.6
        },
        {
            "name": "DALL·E",
            "company": "OpenAI",
            "description": "强大的AI图像生成工具，可以根据文本描述创建独特的艺术作品。",
            "category": "image",
            "price": "付费",
            "url": "https://openai.com/dall-e-3",
            "image": "https://upload.wikimedia.org/wikipedia/commons/thumb/1/1c/DALL-E_Logo.png/480px-DALL-E_Logo.png",
            "tags": ["绘画", "创意", "设计"],
            "rating": 4.8
        },
        {
            "name": "Grammarly",
            "company": "Grammarly",
            "description": "AI驱动的写作助手，可以帮助改进语法、拼写和写作风格。",
            "category": "writing",
            "price": "免费版本",
            "url": "https://www.grammarly.com",
            "image": "https://upload.wikimedia.org/wikipedia/commons/thumb/6/6c/Grammarly_logo.svg/480px-Grammarly_logo.svg.png",
            "tags": ["写作", "语法", "编辑"],
            "rating": 4.7
        },
        {
            "name": "Synthesia",
            "company": "Synthesia",
            "description": "AI视频生成平台，可以创建专业的视频内容和数字人物。",
            "category": "video",
            "price": "付费",
            "url": "https://www.synthesia.io",
            "image": "https://assets-global.website-files.com/61dc0796f359b6145bc06ea6/61dc0796f359b66acfc06ee3_Synthesia%20Logo.png",
            "tags": ["视频", "数字人", "营销"],
            "rating": 4.6
        },
        {
            "name": "Otter.ai",
            "company": "Otter.ai",
            "description": "AI语音转文字工具，可以实时转录会议和录音内容。",
            "category": "audio",
            "price": "免费版本",
            "url": "https://otter.ai",
            "image": "https://assets-global.website-files.com/618e9316785b3582a5178502/61f0a42e86bade0f8987363f_Otter_Mascot.png",
            "tags": ["转录", "会议", "笔记"],
            "rating": 4.5
        },
        {
            "name": "Descript",
            "company": "Descript",
            "description": "一体化的音视频编辑工具，支持AI转录、编辑和生成。",
            "category": "video",
            "price": "付费",
            "url": "https://www.descript.com",
            "image": "https://upload.wikimedia.org/wikipedia/commons/thumb/4/4b/Descript_Logo.png/480px-Descript_Logo.png",
            "tags": ["视频", "音频", "编辑"],
            "rating": 4.7
        },
        {
            "name": "Copy.ai",
            "company": "Copy.ai",
            "description": "AI营销文案生成工具，可以创建各种类型的营销内容。",
            "category": "writing",
            "price": "免费版本",
            "url": "https://www.copy.ai",
            "image": "https://assets-global.website-files.com/628288c5cd3e8411b90a36a4/629e9e0df4deb0b8b8c0967e_Group%2047.svg",
            "tags": ["写作", "营销", "内容"],
            "rating": 4.5
        },
        {
            "name": "Murf",
            "company": "Murf",
            "description": "AI语音生成器，提供自然的文本转语音服务。",
            "category": "audio",
            "price": "免费版本",
            "url": "https://murf.ai",
            "image": "https://assets-global.website-files.com/6356a70a77f3e6584b718c4b/6356a70a77f3e62f7d718cce_murf-logo.svg",
            "tags": ["语音", "配音", "转换"],
            "rating": 4.4
        },
        {
            "name": "Hugging Face",
            "company": "Hugging Face",
            "description": "开源AI模型和工具平台，提供各种机器学习模型和资源。",
            "category": "code",
            "price": "免费版本",
            "url": "https://huggingface.co",
            "image": "https://huggingface.co/front/assets/huggingface_logo.svg",
            "tags": ["机器学习", "开源", "模型"],
            "rating": 4.8
        },
        {
            "name": "AutoDraw",
            "company": "Google",
            "description": "AI辅助绘画工具，可以将简单的涂鸦转换成精美的图像。",
            "category": "image",
            "price": "免费版本",
            "url": "https://www.autodraw.com",
            "image": "https://storage.googleapis.com/gweb-uniblog-publish-prod/images/autodraw_hero.width-1000.format-webp.webp",
            "tags": ["绘画", "设计", "创意"],
            "rating": 4.3
        },
        {
            "name": "Tome",
            "company": "Tome",
            "description": "AI驱动的演示文稿创建工具，可以生成精美的幻灯片。",
            "category": "productivity",
            "price": "免费版本",
            "url": "https://tome.app",
            "image": "https://assets-global.website-files.com/62d52b6d074c2e318f479724/62d52b6d074c2e6ee0479741_Group%2047789.svg",
            "tags": ["演示", "设计", "效率"],
            "rating": 4.5
        },
        {
            "name": "Canva AI",
            "company": "Canva",
            "description": "AI驱动的设计工具，可以生成和编辑图像、视频和演示文稿。",
            "category": "image",
            "price": "免费版本",
            "url": "https://www.canva.com",
            "image": "https://static.canva.com/web/images/12487a1e0770d29351bd4ce4f87ec8fe.svg",
            "tags": ["设计", "创意", "效率"],
            "rating": 4.7
        },
        {
            "name": "Firefly",
            "company": "Adobe",
            "description": "Adobe的AI创意工具，支持图像生成、编辑和创意设计。",
            "category": "image",
            "price": "付费",
            "url": "https://www.adobe.com/products/firefly.html",
            "image": "https://www.adobe.com/content/dam/cc/icons/firefly.svg",
            "tags": ["设计", "创意", "图像"],
            "rating": 4.6
        },
        {
            "name": "Bard",
            "company": "Google",
            "description": "Google的AI聊天助手，可以回答问题、写作和帮助解决问题。",
            "category": "chatbot",
            "price": "免费版本",
            "url": "https://bard.google.com",
            "image": "https://www.gstatic.com/lamda/images/favicon_v1_150160cddff7f294ce30.svg",
            "tags": ["对话", "写作", "分析"],
            "rating": 4.6
        },
        {
            "name": "Anthropic Claude 2",
            "company": "Anthropic",
            "description": "更强大的AI助手版本，支持更长的上下文和更复杂的任务。",
            "category": "chatbot",
            "price": "付费",
            "url": "https://claude.ai",
            "image": "https://claude.ai/favicon.ico",
            "tags": ["对话", "分析", "编程"],
            "rating": 4.8
        },
        {
            "name": "Poe",
            "company": "Quora",
            "description": "集成多个AI模型的聊天平台，支持ChatGPT、Claude等。",
            "category": "chatbot",
            "price": "免费版本",
            "url": "https://poe.com",
            "image": "https://poe.com/favicon.ico",
            "tags": ["对话", "写作", "多模型"],
            "rating": 4.5
        }
    ]
}
