{
    "tutorials": [
        {
            "title": "ChatGPT使用教程",
            "tool": "ChatGPT",
            "author": "AI导航",
            "date": "2024-02-03",
            "content": "如何有效使用ChatGPT进行对话和创作",
            "url": "/tutorials/chatgpt-guide",
            "image": "/images/tutorials/chatgpt.jpg",
            "tags": ["入门教程", "提示词", "实战案例"]
        },
        {
            "title": "Midjourney绘画指南",
            "tool": "Midjourney",
            "author": "AI导航",
            "date": "2024-02-03",
            "content": "Midjourney AI绘画完全指南",
            "url": "/tutorials/midjourney-guide",
            "image": "/images/tutorials/midjourney.jpg",
            "tags": ["绘画教程", "提示词", "风格设计"]
        },
        {
            "title": "Stable Diffusion教程",
            "tool": "Stable Diffusion",
            "author": "AI导航",
            "date": "2024-02-03",
            "content": "如何使用Stable Diffusion创建艺术作品",
            "url": "/tutorials/stable-diffusion-guide",
            "image": "/images/tutorials/stable-diffusion.jpg",
            "tags": ["本地部署", "模型训练", "风格调整"]
        }
    ]
}
