{
    "tools": [
        {
            "id": 1,
            "name": "ChatGPT",
            "description": "OpenAI开发的大型语言模型，能够进行自然语言对话和创作",
            "category": "对话AI",
            "image": "https://example.com/chatgpt.jpg",
            "rating": 4.8,
            "views": 15000,
            "likes": 12300
        },
        {
            "id": 2,
            "name": "Midjourney",
            "description": "AI艺术创作工具，可以根据文本描述生成高质量图像",
            "category": "图像生成",
            "image": "https://example.com/midjourney.jpg",
            "rating": 4.7,
            "views": 10000,
            "likes": 8500
        },
        {
            "id": 3,
            "name": "Stable Diffusion",
            "description": "开源的AI图像生成模型，支持本地部署",
            "category": "图像生成",
            "image": "https://example.com/stable-diffusion.jpg",
            "rating": 4.6,
            "views": 8000,
            "likes": 6200
        }
    ]
}
